"omp_customer_organization_id","jmp_part_short_description","total_order"
"A001-AIRTE","820222  BRACKET, ROD CYLINDER MOUNT","1"
"A007-ATR","13067-001 REV B BRACKET TRANSFORMER MTG ****OFFERI","1"
"A055-AIG","8600D-003 back plate","1"
"C037-CHRKE","P-0001019428","1"
"C037-CHRKE","P-0001019433","1"
"C048-C&CFA","F-2019MP-02","1"
"F019-FSM","MS-402 MS-3 EXTENDED BEAM BASE","1"
"F019-FSM","SETTLESTOP WALL BRACE BRACKET ANG MS-501","1"
"F024-FMW S","11961 .188 HRPO 107.18 X 70.0016","1"
"F024-FMW S","11962 .188 HRPO 14.9375 X 57","1"
"F024-FMW S","11963 .188 HRPO 12.125 X 57","1"
"H033-HERM","sk-22439-1 plate  **BEND ONLY**","1"
"I014-INDUS","221-5-518 Final Machining","1"
"J006-JSPRM","LASER ETCHED TAGS 14 GALVANIZED","1"
"K008-KINGI","level sensor clip","1"
"K009-KOMAT","2A56222340NK","1"
"K009-KOMAT","PAINT FEE FOR 20Y3044191XC","1"
"L017-LINCO","SH-0001  1MM SHIM (FOR CLAMP ARMS)","1"
"L019-LEEMN","4367-01","1"
"L019-LEEMN","4367-01-F","1"
"L019-LEEMN","4367-02","1"
"L019-LEEMN","4367-03","1"
"L019-LEEMN","4367-07","1"
"L019-LEEMN","4367-08","1"
"L019-LEEMN","4367-17","1"
"L019-LEEMN","4367-18","1"
"L019-LEEMN","4367-20","1"
"L019-LEEMN","4367-28","1"
"L019-LEEMN","4367-30","1"
"L019-LEEMN","4367-34","1"
"P025-PROCB","CIRCLE PIECE - 11GA - 48212-FANS","1"
"P025-PROCB","FIN PIECE - 11GA - 48212-FANS","1"
"R023-ROBNS","120709-1127 FAB HOOD ALUM 48''LX31.13''WX20''H","1"
"S024-SMF","C7-09 D00R","1"
"S024-SMF","LOT CHARGE","1"
"S027-SCT","TM990311 - ENCODER GUARD FOR ALL MACHINES","1"
"T011-T&RFI","BW 02 GENDER FEATURE WALL","1"
"T011-T&RFI","CASHWRAP BACK WALL","1"
"T011-T&RFI","F 12 COMMUNITY BOARD AND SHOE","1"
"T034-TENCA","RIETER SPLASH PAD","1"
"T051-TOYOT","Dock Plates","1"
"T052-TGSP","TSG-DLNU-TB-TR_STOP_AGL-A36-.5-3PCS-R1","1"
"T053","SS BACKSPLASH","1"
"T053","TRIM","1"
"V006-VONGA","111088T","1"
"V006-VONGA","111089T","1"
"V006-VONGA","111101T","1"
"V006-VONGA","111102T","1"
"V006-VONGA","86476T","1"
"V006-VONGA","86480T","1"
"V009-VERME","G5004704 SHROUD ASSEMBLY 15.23 17.41 4.03 15.13","1"
